d_s,h_s,t,d_d,P_e,Reference,Group
0.7480319,4.77559313,0.03543309,3.149608,0.843582004,Lawson et al. (2017),Stud diameter = 3/4 inch
0.7480319,4.77165612,0.03543309,3.149608,0.800060977,Lawson et al. (2017),Stud diameter = 3/4 inch
0.7480319,4.7637821,0.03543309,3.149608,0.751736351,Lawson et al. (2017),Stud diameter = 3/4 inch
0.7480319,4.62204974,0.03543309,3.149608,0.650658466,Lawson et al. (2017),Stud diameter = 3/4 inch
0.7480319,4.62598675,0.03543309,3.149608,0.580016185,Lawson et al. (2017),Stud diameter = 3/4 inch
0.7480319,4.64173479,0.03543309,3.149608,0.738244206,Lawson et al. (2017),Stud diameter = 3/4 inch
0.7480319,4.67716788,0.03543309,3.149608,0.537465115,Lawson et al. (2017),Stud diameter = 3/4 inch
0.7480319,4.63779778,0.03543309,3.149608,0.894660353,Lawson et al. (2017),Stud diameter = 3/4 inch
0.7480319,4.67716788,0.03543309,3.149608,0.90640002,Lawson et al. (2017),Stud diameter = 3/4 inch
0.7480319,4.66929386,0.03543309,3.149608,0.660133995,Lawson et al. (2017),Stud diameter = 3/4 inch
0.7480319,4.64960881,0.03543309,3.149608,0.584593681,Lawson et al. (2017),Stud diameter = 3/4 inch
0.7480319,4.65354582,0.03543309,3.149608,0.494581549,Lawson et al. (2017),Stud diameter = 3/4 inch
0.7480319,4.70078994,0.03543309,3.149608,0.685768721,Lawson et al. (2017),Stud diameter = 3/4 inch
0.7480319,4.67323087,0.03543309,3.149608,0.666303684,Lawson et al. (2017),Stud diameter = 3/4 inch
0.7480319,4.66929386,0.03543309,3.149608,0.679056033,Lawson et al. (2017),Stud diameter = 3/4 inch
0.7480319,4.66535685,0.03543309,3.149608,0.86703458,Lawson et al. (2017),Stud diameter = 3/4 inch
0.7480319,4.62204974,0.03543309,3.149608,0.849389132,Lawson et al. (2017),Stud diameter = 3/4 inch
0.7480319,4.65748283,0.03543309,3.149608,0.662389899,Lawson et al. (2017),Stud diameter = 3/4 inch
0.7480319,4.85827034,0.03543309,3.149608,0.464390007,Lawson et al. (2017),Stud diameter = 3/4 inch
0.7480319,5.66142038,0.04724412,3.149608,0.993528532,Nellinger (2015),Stud diameter = 3/4 inch
0.7480319,5.6299243,0.04724412,3.149608,0.910314863,Nellinger (2015),Stud diameter = 3/4 inch
0.8661422,4.89370343,0.035039389,2.2834658,0.588118864,Lawson et al. (2017),Stud diameter = 7/8 inch
0.8661422,4.8818924,0.035039389,2.2834658,0.585731695,Lawson et al. (2017),Stud diameter = 7/8 inch
0.8661422,4.8818924,0.035039389,2.2834658,0.546343407,Lawson et al. (2017),Stud diameter = 7/8 inch
0.8661422,4.8818924,0.035039389,2.2834658,0.556608234,Lawson et al. (2017),Stud diameter = 7/8 inch
0.8661422,4.87401838,0.035039389,2.2834658,0.629814749,Lawson et al. (2017),Stud diameter = 7/8 inch
0.8661422,4.87795539,0.035039389,2.2834658,0.592256624,Lawson et al. (2017),Stud diameter = 7/8 inch
0.8661422,4.86614436,0.035039389,2.2834658,0.581753081,Lawson et al. (2017),Stud diameter = 7/8 inch
0.8661422,4.88582941,0.035039389,2.2834658,0.558040535,Lawson et al. (2017),Stud diameter = 7/8 inch
0.8661422,4.87401838,0.035039389,2.2834658,0.718617435,Lawson et al. (2017),Stud diameter = 7/8 inch
0.8661422,4.85039632,0.035039389,2.2834658,0.710182772,Lawson et al. (2017),Stud diameter = 7/8 inch
0.8661422,4.90551446,0.035039389,2.2834658,0.738192221,Lawson et al. (2017),Stud diameter = 7/8 inch
0.8661422,4.89370343,0.035039389,2.2834658,0.594962082,Lawson et al. (2017),Stud diameter = 7/8 inch
0.8661422,4.85433333,0.035039389,2.2834658,0.695197171,Lawson et al. (2017),Stud diameter = 7/8 inch
0.8661422,4.82283725,0.035039389,2.2834658,0.800798901,Lawson et al. (2017),Stud diameter = 7/8 inch
0.8661422,4.83464828,0.035039389,2.2834658,0.828521488,Lawson et al. (2017),Stud diameter = 7/8 inch
0.7480319,4.79527818,0.035039389,2.2834658,0.821325491,Lawson et al. (2017),Stud diameter = 3/4 inch
0.7480319,4.79527818,0.035039389,2.2834658,0.882751826,Lawson et al. (2017),Stud diameter = 3/4 inch
0.7480319,4.8031522,0.035039389,2.2834658,0.942541804,Lawson et al. (2017),Stud diameter = 3/4 inch
0.7480319,4.82283725,0.035039389,2.2834658,0.879604985,Lawson et al. (2017),Stud diameter = 3/4 inch
0.7480319,4.79527818,0.035039389,2.2834658,0.725409778,Lawson et al. (2017),Stud diameter = 3/4 inch
0.7480319,4.74803406,0.035039389,2.2834658,1.012616399,Lawson et al. (2017),Stud diameter = 3/4 inch
0.7480319,4.7637821,0.035039389,2.2834658,0.971892575,Lawson et al. (2017),Stud diameter = 3/4 inch
0.7480319,4.79527818,0.035039389,2.2834658,1.052303617,Lawson et al. (2017),Stud diameter = 3/4 inch
0.7480319,4.79527818,0.035039389,2.2834658,0.993068964,Lawson et al. (2017),Stud diameter = 3/4 inch
0.8661422,4.81496323,0.035039389,2.2834658,0.746377331,Lawson et al. (2017),Stud diameter = 7/8 inch
0.8661422,4.81496323,0.035039389,2.2834658,0.866650707,Lawson et al. (2017),Stud diameter = 7/8 inch
0.8661422,4.81496323,0.035039389,2.2834658,0.823147571,Lawson et al. (2017),Stud diameter = 7/8 inch
0.8661422,4.79527818,0.035039389,2.2834658,0.977541053,Lawson et al. (2017),Stud diameter = 7/8 inch
0.8661422,4.81496323,0.035039389,2.2834658,0.958774995,Lawson et al. (2017),Stud diameter = 7/8 inch
0.8661422,4.81496323,0.035039389,2.2834658,0.917830867,Lawson et al. (2017),Stud diameter = 7/8 inch
0.7480319,4.8031522,0.035039389,2.2834658,0.743913203,Lawson et al. (2017),Stud diameter = 3/4 inch
0.7480319,4.8031522,0.0393701,2.2047256,1.208386929,Lawson et al. (2017),Stud diameter = 3/4 inch
0.7480319,4.81496323,0.0393701,2.2047256,1.421113378,Lawson et al. (2017),Stud diameter = 3/4 inch
0.7480319,4.79921519,0.0393701,2.2047256,1.408303884,Lawson et al. (2017),Stud diameter = 3/4 inch
0.7480319,4.79527818,0.0393701,2.2047256,1.400899552,Lawson et al. (2017),Stud diameter = 3/4 inch
0.7480319,4.81890024,0.0393701,2.2047256,1.538620121,Lawson et al. (2017),Stud diameter = 3/4 inch
0.7480319,4.8031522,0.0393701,2.2047256,1.373281395,Lawson et al. (2017),Stud diameter = 3/4 inch
0.8661422,4.85433333,0.0393701,2.2047256,1.206423404,Lawson et al. (2017),Stud diameter = 7/8 inch
0.8661422,4.81496323,0.0393701,2.2047256,1.138356714,Lawson et al. (2017),Stud diameter = 7/8 inch
0.7480319,3.8582698,0.035039389,2.2834658,0.728706956,Vigneri (2021),Stud diameter = 3/4 inch
0.7480319,3.8582698,0.035039389,2.2834658,0.696146316,Vigneri (2021),Stud diameter = 3/4 inch
0.7480319,3.8582698,0.035039389,2.2834658,0.741232459,Vigneri (2021),Stud diameter = 3/4 inch
0.7480319,3.8582698,0.035039389,2.2834658,0.739004137,Vigneri (2021),Stud diameter = 3/4 inch
0.7480319,3.8582698,0.035039389,2.2834658,0.8058323,Vigneri (2021),Stud diameter = 3/4 inch
0.7480319,3.8582698,0.035039389,2.2834658,0.747718634,Vigneri (2021),Stud diameter = 3/4 inch
0.7480319,3.8582698,0.035039389,2.2834658,0.913890898,Vigneri (2021),Stud diameter = 3/4 inch
0.7480319,3.8582698,0.035039389,2.2834658,0.771867552,Vigneri (2021),Stud diameter = 3/4 inch
0.7480319,3.8582698,0.035039389,2.2834658,0.879873006,Vigneri (2021),Stud diameter = 3/4 inch
0.7480319,3.8582698,0.035039389,2.2834658,0.911707173,Vigneri (2021),Stud diameter = 3/4 inch
0.7480319,3.8582698,0.035039389,2.2834658,0.858285047,Vigneri (2021),Stud diameter = 3/4 inch
0.7480319,3.8582698,0.035039389,2.2834658,0.946340458,Vigneri (2021),Stud diameter = 3/4 inch
0.7480319,3.72047445,0.035039389,2.2834658,0.729305342,Vigneri (2021),Stud diameter = 3/4 inch
0.7480319,3.72047445,0.035039389,2.2834658,0.910991278,Vigneri (2021),Stud diameter = 3/4 inch
0.7480319,3.72047445,0.035039389,2.2834658,0.907668342,Vigneri (2021),Stud diameter = 3/4 inch
0.7480319,4.8818924,0.035039389,2.2834658,0.936348832,Vigneri (2021),Stud diameter = 3/4 inch
0.7480319,4.8818924,0.035039389,2.2834658,1.017724977,Vigneri (2021),Stud diameter = 3/4 inch
0.7480319,4.8818924,0.035039389,2.2834658,0.993002635,Vigneri (2021),Stud diameter = 3/4 inch
0.7480319,4.8818924,0.035039389,2.2834658,0.898208405,Vigneri (2021),Stud diameter = 3/4 inch
0.7480319,4.8818924,0.035039389,2.2834658,0.883041214,Vigneri (2021),Stud diameter = 3/4 inch
0.7480319,4.8818924,0.035039389,2.2834658,0.933502271,Vigneri (2021),Stud diameter = 3/4 inch
0.5118113,3.80315166,0.037401595,2.00000108,0.855680073,Rambo-Roddenberry (2002),Stud diameter = 1/2 inch
0.5118113,3.80315166,0.037401595,2.00000108,0.677889207,Rambo-Roddenberry (2002),Stud diameter = 1/2 inch
0.5118113,3.80315166,0.037401595,2.00000108,0.808426687,Rambo-Roddenberry (2002),Stud diameter = 1/2 inch
0.5118113,3.80315166,0.037401595,2.00000108,0.922135939,Rambo-Roddenberry (2002),Stud diameter = 1/2 inch
0.5118113,3.80315166,0.037401595,2.00000108,0.902678662,Rambo-Roddenberry (2002),Stud diameter = 1/2 inch
0.5118113,3.80315166,0.037401595,2.00000108,0.737755078,Rambo-Roddenberry (2002),Stud diameter = 1/2 inch
0.5118113,3.80315166,0.037401595,2.00000108,0.674345203,Rambo-Roddenberry (2002),Stud diameter = 1/2 inch
0.5118113,3.80315166,0.037401595,2.00000108,0.876894875,Rambo-Roddenberry (2002),Stud diameter = 1/2 inch
0.5118113,3.80315166,0.037401595,2.00000108,0.814382582,Rambo-Roddenberry (2002),Stud diameter = 1/2 inch
0.6299216,3.80315166,0.037401595,2.00000108,0.862609112,Rambo-Roddenberry (2002),Stud diameter = 5/8 inch
0.6299216,3.80315166,0.037401595,2.00000108,0.932094489,Rambo-Roddenberry (2002),Stud diameter = 5/8 inch
0.6299216,3.80315166,0.037401595,2.00000108,1.070910487,Rambo-Roddenberry (2002),Stud diameter = 5/8 inch
0.6299216,2.80315112,0.037401595,2.00000108,1.203826764,Rambo-Roddenberry (2002),Stud diameter = 5/8 inch
0.6299216,2.80315112,0.037401595,2.00000108,0.929968738,Rambo-Roddenberry (2002),Stud diameter = 5/8 inch
0.6299216,2.80315112,0.037401595,2.00000108,0.870208107,Rambo-Roddenberry (2002),Stud diameter = 5/8 inch
0.6299216,3.80315166,0.037401595,2.00000108,0.822873434,Rambo-Roddenberry (2002),Stud diameter = 5/8 inch
0.6299216,3.80315166,0.037401595,2.00000108,1.068956228,Rambo-Roddenberry (2002),Stud diameter = 5/8 inch
0.5118113,3.80315166,0.037401595,2.00000108,0.775939983,Rambo-Roddenberry (2002),Stud diameter = 1/2 inch
0.5118113,3.80315166,0.037401595,2.00000108,0.800551122,Rambo-Roddenberry (2002),Stud diameter = 1/2 inch
0.5118113,3.80315166,0.037401595,2.00000108,0.580625986,Rambo-Roddenberry (2002),Stud diameter = 1/2 inch
0.5118113,3.80315166,0.037401595,2.00000108,0.95109022,Rambo-Roddenberry (2002),Stud diameter = 1/2 inch
0.5118113,3.80315166,0.037401595,2.00000108,1.061348121,Rambo-Roddenberry (2002),Stud diameter = 1/2 inch
0.5118113,3.80315166,0.037401595,2.00000108,1.180871393,Rambo-Roddenberry (2002),Stud diameter = 1/2 inch
0.5118113,3.80315166,0.037401595,2.00000108,1.003888351,Rambo-Roddenberry (2002),Stud diameter = 1/2 inch
0.5118113,3.80315166,0.037401595,2.00000108,0.801338679,Rambo-Roddenberry (2002),Stud diameter = 1/2 inch
0.5118113,3.80315166,0.037401595,2.00000108,0.753100847,Rambo-Roddenberry (2002),Stud diameter = 1/2 inch
0.7480319,3.80315166,0.037401595,2.00000108,0.922596229,Rambo-Roddenberry (2002),Stud diameter = 3/4 inch
0.7480319,3.80315166,0.037401595,2.00000108,0.86310064,Rambo-Roddenberry (2002),Stud diameter = 3/4 inch
0.7480319,3.80315166,0.037401595,2.00000108,1.005102307,Rambo-Roddenberry (2002),Stud diameter = 3/4 inch
0.7480319,3.80315166,0.037401595,2.00000108,0.420944399,Rambo-Roddenberry (2002),Stud diameter = 3/4 inch
0.7480319,3.80315166,0.037401595,2.00000108,0.948710146,Rambo-Roddenberry (2002),Stud diameter = 3/4 inch
0.7480319,3.80315166,0.037401595,2.00000108,1.13308672,Rambo-Roddenberry (2002),Stud diameter = 3/4 inch
0.7480319,3.80315166,0.037401595,2.00000108,0.867428063,Rambo-Roddenberry (2002),Stud diameter = 3/4 inch
0.7480319,3.80315166,0.037401595,2.00000108,0.693294633,Rambo-Roddenberry (2002),Stud diameter = 3/4 inch
0.7480319,3.80315166,0.037401595,2.00000108,0.903058043,Rambo-Roddenberry (2002),Stud diameter = 3/4 inch
0.6299216,3.80315166,0.037401595,2.00000108,0.953387706,Rambo-Roddenberry (2002),Stud diameter = 5/8 inch
0.6299216,3.80315166,0.037401595,2.00000108,1.005845887,Rambo-Roddenberry (2002),Stud diameter = 5/8 inch
0.6299216,3.80315166,0.037401595,2.00000108,0.856154612,Rambo-Roddenberry (2002),Stud diameter = 5/8 inch
0.6299216,3.80315166,0.037401595,2.00000108,1.01908511,Rambo-Roddenberry (2002),Stud diameter = 5/8 inch
0.6299216,3.80315166,0.037401595,2.00000108,1.175088199,Rambo-Roddenberry (2002),Stud diameter = 5/8 inch
0.6299216,3.80315166,0.037401595,2.00000108,1.206725189,Rambo-Roddenberry (2002),Stud diameter = 5/8 inch
0.6299216,3.80315166,0.037401595,2.00000108,0.671789274,Rambo-Roddenberry (2002),Stud diameter = 5/8 inch
0.6299216,3.80315166,0.037401595,2.00000108,0.820487023,Rambo-Roddenberry (2002),Stud diameter = 5/8 inch
0.6299216,3.80315166,0.037401595,2.00000108,0.815353804,Rambo-Roddenberry (2002),Stud diameter = 5/8 inch
0.393701,3.80315166,0.037401595,2.00000108,0.829580258,Rambo-Roddenberry (2002),Stud diameter = 3/8 inch
0.393701,3.80315166,0.037401595,2.00000108,0.729524013,Rambo-Roddenberry (2002),Stud diameter = 3/8 inch
0.393701,3.80315166,0.037401595,2.00000108,0.754854708,Rambo-Roddenberry (2002),Stud diameter = 3/8 inch
0.8661422,3.80315166,0.037401595,2.00000108,0.669801861,Rambo-Roddenberry (2002),Stud diameter = 7/8 inch
0.8661422,3.80315166,0.037401595,2.00000108,0.337188289,Rambo-Roddenberry (2002),Stud diameter = 7/8 inch
0.8661422,3.80315166,0.037401595,2.00000108,0.459601442,Rambo-Roddenberry (2002),Stud diameter = 7/8 inch
0.393701,3.80315166,0.037401595,2.00000108,0.700231233,Rambo-Roddenberry (2002),Stud diameter = 3/8 inch
0.393701,3.80315166,0.037401595,2.00000108,0.784554307,Rambo-Roddenberry (2002),Stud diameter = 3/8 inch
0.393701,3.80315166,0.037401595,2.00000108,0.831573163,Rambo-Roddenberry (2002),Stud diameter = 3/8 inch
0.8661422,3.80315166,0.037401595,2.00000108,0.642531018,Rambo-Roddenberry (2002),Stud diameter = 7/8 inch
0.8661422,3.80315166,0.037401595,2.00000108,0.520177022,Rambo-Roddenberry (2002),Stud diameter = 7/8 inch
0.8661422,3.80315166,0.037401595,2.00000108,0.560501586,Rambo-Roddenberry (2002),Stud diameter = 7/8 inch
0.393701,4.8031522,0.037401595,3.00000162,0.855364383,Rambo-Roddenberry (2002),Stud diameter = 3/8 inch
0.393701,4.8031522,0.037401595,3.00000162,1.149096895,Rambo-Roddenberry (2002),Stud diameter = 3/8 inch
0.393701,4.8031522,0.037401595,3.00000162,1.34778892,Rambo-Roddenberry (2002),Stud diameter = 3/8 inch
0.8661422,4.8031522,0.037401595,3.00000162,0.468922111,Rambo-Roddenberry (2002),Stud diameter = 7/8 inch
0.8661422,4.8031522,0.037401595,3.00000162,0.424589396,Rambo-Roddenberry (2002),Stud diameter = 7/8 inch
0.8661422,4.8031522,0.037401595,3.00000162,0.55368052,Rambo-Roddenberry (2002),Stud diameter = 7/8 inch
0.393701,4.8031522,0.037401595,3.00000162,0.957580746,Rambo-Roddenberry (2002),Stud diameter = 3/8 inch
0.393701,4.8031522,0.037401595,3.00000162,1.18441815,Rambo-Roddenberry (2002),Stud diameter = 3/8 inch
0.393701,4.8031522,0.037401595,3.00000162,1.145349493,Rambo-Roddenberry (2002),Stud diameter = 3/8 inch
0.8661422,4.8031522,0.037401595,3.00000162,0.500537077,Rambo-Roddenberry (2002),Stud diameter = 7/8 inch
0.8661422,4.8031522,0.037401595,3.00000162,0.83701919,Rambo-Roddenberry (2002),Stud diameter = 7/8 inch
0.8661422,4.8031522,0.037401595,3.00000162,0.766154622,Rambo-Roddenberry (2002),Stud diameter = 7/8 inch
0.7480319,5.80315274,0.037401595,4.50000243,0.519483924,Rambo-Roddenberry (2002),Stud diameter = 3/4 inch
0.7480319,5.80315274,0.037401595,4.50000243,0.45809533,Rambo-Roddenberry (2002),Stud diameter = 3/4 inch
0.7480319,5.80315274,0.037401595,4.50000243,0.441179362,Rambo-Roddenberry (2002),Stud diameter = 3/4 inch
0.7480319,7.80315382,0.037401595,6.00000324,0.399511184,Rambo-Roddenberry (2002),Stud diameter = 3/4 inch
0.7480319,7.80315382,0.037401595,6.00000324,0.35675283,Rambo-Roddenberry (2002),Stud diameter = 3/4 inch
0.7480319,7.80315382,0.037401595,6.00000324,0.32257214,Rambo-Roddenberry (2002),Stud diameter = 3/4 inch
0.7480319,3.80315166,0.037401595,2.00000108,0.4504666,Rambo-Roddenberry (2002),Stud diameter = 3/4 inch
0.7480319,3.80315166,0.037401595,2.00000108,1.039203437,Rambo-Roddenberry (2002),Stud diameter = 3/4 inch
0.7480319,3.80315166,0.037401595,2.00000108,0.587389375,Rambo-Roddenberry (2002),Stud diameter = 3/4 inch
0.7480319,3.80315166,0.037401595,2.00000108,1.065945356,Rambo-Roddenberry (2002),Stud diameter = 3/4 inch
0.7480319,3.80315166,0.037401595,2.00000108,0.892122879,Rambo-Roddenberry (2002),Stud diameter = 3/4 inch
0.7480319,3.80315166,0.037401595,2.00000108,1.124508088,Rambo-Roddenberry (2002),Stud diameter = 3/4 inch
0.7480319,3.80315166,0.037401595,2.00000108,0.801091518,Rambo-Roddenberry (2002),Stud diameter = 3/4 inch
0.7480319,3.80315166,0.037401595,2.00000108,1.086390487,Rambo-Roddenberry (2002),Stud diameter = 3/4 inch
0.7480319,3.80315166,0.037401595,2.00000108,0.581999531,Rambo-Roddenberry (2002),Stud diameter = 3/4 inch
0.7480319,3.80315166,0.037401595,2.00000108,0.621905109,Rambo-Roddenberry (2002),Stud diameter = 3/4 inch
0.7480319,3.80315166,0.037401595,2.00000108,1.193539555,Rambo-Roddenberry (2002),Stud diameter = 3/4 inch
0.7480319,3.80315166,0.037401595,2.00000108,1.147414926,Rambo-Roddenberry (2002),Stud diameter = 3/4 inch
0.7480319,3.7401595,0.02362206,2.1653555,0.817850284,Ernst (2006),Stud diameter = 3/4 inch
0.7480319,3.7401595,0.0393701,2.1653555,0.940527826,Ernst (2006),Stud diameter = 3/4 inch
0.7480319,3.7401595,0.02362206,2.1653555,0.909858441,Ernst (2006),Stud diameter = 3/4 inch
0.7480319,3.7401595,0.0393701,2.1653555,1.216552297,Ernst (2006),Stud diameter = 3/4 inch
0.7480319,5.118113,0.0393701,2.1653555,0.928719817,Ernst (2006),Stud diameter = 3/4 inch
0.7480319,4.9212625,0.029527575,2.1653555,1.251781639,Ernst (2006),Stud diameter = 3/4 inch
0.7480319,4.9212625,0.029527575,2.1653555,1.522437129,Ernst (2006),Stud diameter = 3/4 inch
0.7480319,5.0000027,0.029527575,3.0708678,1.154872085,Ernst (2006),Stud diameter = 3/4 inch
0.7480319,5.0000027,0.029527575,3.0708678,1.151407469,Ernst (2006),Stud diameter = 3/4 inch
0.7480319,5.0000027,0.0393701,3.0708678,0.94699511,Ernst (2006),Stud diameter = 3/4 inch
0.7480319,5.0000027,0.0393701,3.0708678,1.025798146,Ernst (2006),Stud diameter = 3/4 inch
0.7480319,3.7401595,0.03543309,2.362206,1.086770882,Smith and Couchman (2010),Stud diameter = 3/4 inch
0.7480319,3.7401595,0.03543309,2.362206,0.954947045,Smith and Couchman (2010),Stud diameter = 3/4 inch
0.7480319,3.7401595,0.03543309,2.362206,1.103090834,Smith and Couchman (2010),Stud diameter = 3/4 inch
0.7480319,3.7401595,0.03543309,2.362206,1.319670931,Smith and Couchman (2010),Stud diameter = 3/4 inch
0.7480319,3.7401595,0.03543309,2.362206,1.287732331,Smith and Couchman (2010),Stud diameter = 3/4 inch
0.7480319,3.7401595,0.03543309,2.362206,1.390760075,Smith and Couchman (2010),Stud diameter = 3/4 inch
0.7480319,3.7401595,0.03543309,2.362206,1.38335696,Smith and Couchman (2010),Stud diameter = 3/4 inch
0.7480319,3.7401595,0.03543309,2.362206,1.229650632,Smith and Couchman (2010),Stud diameter = 3/4 inch
0.7480319,3.7401595,0.03543309,2.362206,1.221668849,Smith and Couchman (2010),Stud diameter = 3/4 inch
0.7480319,3.7401595,0.03543309,2.362206,0.65450394,Smith and Couchman (2010),Stud diameter = 3/4 inch
0.7480319,3.7401595,0.03543309,2.362206,0.711978097,Smith and Couchman (2010),Stud diameter = 3/4 inch
0.7480319,3.7401595,0.03543309,2.362206,0.753499782,Smith and Couchman (2010),Stud diameter = 3/4 inch
0.7480319,3.7401595,0.03543309,2.362206,0.623390961,Smith and Couchman (2010),Stud diameter = 3/4 inch
0.7480319,3.7401595,0.03543309,2.362206,0.541931525,Smith and Couchman (2010),Stud diameter = 3/4 inch
0.7480319,3.7401595,0.03543309,2.362206,0.736529066,Smith and Couchman (2010),Stud diameter = 3/4 inch
0.7480319,3.7401595,0.03543309,2.362206,0.842602282,Smith and Couchman (2010),Stud diameter = 3/4 inch
0.7480319,3.7401595,0.03543309,2.362206,0.784289557,Smith and Couchman (2010),Stud diameter = 3/4 inch
0.7480319,3.7401595,0.03543309,2.362206,0.830320095,Smith and Couchman (2010),Stud diameter = 3/4 inch
0.7480319,3.7401595,0.03543309,2.362206,0.615471293,Smith and Couchman (2010),Stud diameter = 3/4 inch
0.7480319,3.7401595,0.03543309,2.362206,0.734266304,Smith and Couchman (2010),Stud diameter = 3/4 inch
0.7480319,3.7401595,0.03543309,2.362206,0.752368401,Smith and Couchman (2010),Stud diameter = 3/4 inch
0.7480319,3.7401595,0.03543309,2.362206,0.879208677,Smith and Couchman (2010),Stud diameter = 3/4 inch
0.7480319,3.7401595,0.03543309,2.362206,0.797608917,Smith and Couchman (2010),Stud diameter = 3/4 inch
0.7480319,3.7401595,0.03543309,2.362206,0.898746647,Smith and Couchman (2010),Stud diameter = 3/4 inch
0.7480319,3.7401595,0.03543309,2.362206,0.710770314,Smith and Couchman (2010),Stud diameter = 3/4 inch
0.7480319,3.7401595,0.03543309,2.362206,0.635528088,Smith and Couchman (2010),Stud diameter = 3/4 inch
0.7480319,3.7401595,0.03543309,2.362206,0.52400836,Smith and Couchman (2010),Stud diameter = 3/4 inch
0.7480319,4.9212625,0.029527575,2.362206,1.070872715,Roik and Burkner (1981),Stud diameter = 3/4 inch
0.7480319,4.9212625,0.029527575,2.362206,1.150101961,Roik and Burkner (1981),Stud diameter = 3/4 inch
0.7480319,3.93701,0.029527575,2.362206,0.943083608,Roik and Burkner (1981),Stud diameter = 3/4 inch
0.7480319,3.93701,0.029527575,2.362206,0.766734641,Roik and Burkner (1981),Stud diameter = 3/4 inch
0.7480319,4.9212625,0.029527575,3.149608,0.677282266,Roik and Burkner (1981),Stud diameter = 3/4 inch
0.7480319,4.9212625,0.029527575,3.149608,0.690061177,Roik and Burkner (1981),Stud diameter = 3/4 inch
0.7480319,4.9212625,0.029527575,2.362206,1.044863873,Roik and Burkner (1981),Stud diameter = 3/4 inch
0.7480319,3.7401595,0.029527575,2.362206,0.756511512,Roik and Burkner (1981),Stud diameter = 3/4 inch
0.7480319,3.7401595,0.029527575,2.362206,0.797404027,Roik and Burkner (1981),Stud diameter = 3/4 inch
0.7480319,3.7401595,0.029527575,2.362206,1.009533944,Roik and Burkner (1981),Stud diameter = 3/4 inch
0.7480319,3.7401595,0.029527575,2.362206,0.958418301,Roik and Burkner (1981),Stud diameter = 3/4 inch
0.7480319,5.905515,0.029527575,4.1732306,0.472819695,Roik and Burkner (1980),Stud diameter = 3/4 inch
0.7480319,5.905515,0.029527575,4.1732306,0.491988061,Roik and Burkner (1980),Stud diameter = 3/4 inch
0.7480319,6.8897675,0.029527575,4.1732306,0.568661525,Roik and Burkner (1980),Stud diameter = 3/4 inch
0.7480319,6.8897675,0.029527575,4.1732306,0.485598606,Roik and Burkner (1980),Stud diameter = 3/4 inch
0.7480319,5.905515,0.029527575,4.1732306,1.047870676,Roik and Burkner (1980),Stud diameter = 3/4 inch
0.7480319,5.905515,0.029527575,4.1732306,1.003144489,Roik and Burkner (1980),Stud diameter = 3/4 inch
0.7480319,6.8897675,0.029527575,4.1732306,0.971197212,Roik and Burkner (1980),Stud diameter = 3/4 inch
0.7480319,6.8897675,0.029527575,4.9212625,0.536714249,Roik and Burkner (1980),Stud diameter = 3/4 inch
0.7480319,6.8897675,0.029527575,4.9212625,0.626166623,Roik and Burkner (1980),Stud diameter = 3/4 inch
0.7480319,6.8897675,0.029527575,4.9212625,0.504766972,Roik and Burkner (1980),Stud diameter = 3/4 inch
0.7480319,6.8897675,0.029527575,4.9212625,0.587829891,Roik and Burkner (1980),Stud diameter = 3/4 inch
0.7480319,6.8897675,0.029527575,4.9212625,0.93286048,Roik and Burkner (1980),Stud diameter = 3/4 inch
0.7480319,6.8897675,0.029527575,4.9212625,0.894523748,Roik and Burkner (1980),Stud diameter = 3/4 inch
0.7480319,6.8897675,0.029527575,4.9212625,1.009533944,Roik and Burkner (1980),Stud diameter = 3/4 inch
0.7480319,6.8897675,0.029527575,4.9212625,1.086207408,Roik and Burkner (1980),Stud diameter = 3/4 inch
0.7480319,6.8897675,0.029527575,4.1732306,1.079817953,Roik and Burkner (1980),Stud diameter = 3/4 inch
0.7480319,6.8897675,0.029527575,4.1732306,1.086207408,Roik and Burkner (1980),Stud diameter = 3/4 inch
0.7480319,6.8897675,0.029527575,4.1732306,1.108758427,Roik and Burkner (1980),Stud diameter = 3/4 inch
0.8661422,6.8897675,0.029527575,4.1732306,0.781572963,Roik and Burkner (1980),Stud diameter = 7/8 inch
0.8661422,6.8897675,0.029527575,4.1732306,0.915012249,Roik and Burkner (1980),Stud diameter = 7/8 inch
0.8661422,6.8897675,0.029527575,4.1732306,0.756903515,Roik and Burkner (1980),Stud diameter = 7/8 inch
0.8661422,6.8897675,0.029527575,4.1732306,0.812970442,Roik and Burkner (1980),Stud diameter = 7/8 inch
0.7480319,6.8897675,0.029527575,4.9212625,1.009533944,Roik and Burkner (1980),Stud diameter = 3/4 inch
0.7480319,6.8897675,0.029527575,4.9212625,0.447261874,Roik and Burkner (1980),Stud diameter = 3/4 inch
0.7480319,6.8897675,0.029527575,4.330711,0.587829891,Roik and Burkner (1980),Stud diameter = 3/4 inch
0.7480319,6.8897675,0.029527575,5.3543336,0.510191981,Roik and Burkner (1980),Stud diameter = 3/4 inch
0.8661422,7.87402,0.029527575,5.3543336,0.454988402,Roik and Burkner (1980),Stud diameter = 7/8 inch
0.8661422,7.87402,0.029527575,5.3543336,0.437956751,Roik and Burkner (1980),Stud diameter = 7/8 inch
0.7480319,5.7086645,0.029527575,3.2677183,0.811726957,Konrad (2011),Stud diameter = 3/4 inch
0.7480319,5.7086645,0.029527575,3.2677183,0.740095426,Konrad (2011),Stud diameter = 3/4 inch
0.7480319,5.7086645,0.029527575,3.2677183,0.676398688,Konrad (2011),Stud diameter = 3/4 inch
0.7480319,5.7086645,0.029527575,3.2677183,0.727962714,Konrad (2011),Stud diameter = 3/4 inch
0.7480319,3.7401595,0.0393701,2.8740173,0.81765812,Konrad (2011),Stud diameter = 3/4 inch
0.7480319,4.724412,0.0393701,2.8740173,0.961153436,Konrad (2011),Stud diameter = 3/4 inch
0.7480319,5.7086645,0.0393701,2.8740173,0.835337214,Konrad (2011),Stud diameter = 3/4 inch
0.7480319,3.7401595,0.0393701,2.8740173,0.627055382,Konrad (2011),Stud diameter = 3/4 inch
0.7480319,4.724412,0.0393701,2.8740173,0.476967236,Konrad (2011),Stud diameter = 3/4 inch
0.7480319,5.7086645,0.0393701,2.8740173,0.631659313,Konrad (2011),Stud diameter = 3/4 inch
0.7480319,2.755907,0.029527575,2.0078751,0.944155089,Konrad (2011),Stud diameter = 3/4 inch
0.7480319,3.7401595,0.029527575,2.0078751,1.074557461,Konrad (2011),Stud diameter = 3/4 inch
0.7480319,3.7401595,0.029527575,2.0078751,0.690589628,Konrad (2011),Stud diameter = 3/4 inch
0.7480319,3.7401595,0.029527575,2.0078751,1.13588182,Konrad (2011),Stud diameter = 3/4 inch
0.7480319,3.93701,0.0393701,2.0078751,0.958556302,Bode and Kunzel (1999),Stud diameter = 3/4 inch
0.7480319,3.93701,0.0393701,2.0078751,0.985218133,Bode and Kunzel (1999),Stud diameter = 3/4 inch
0.7480319,3.93701,0.0393701,2.0078751,0.969982801,Bode and Kunzel (1999),Stud diameter = 3/4 inch
0.7480319,3.7401595,0.0393701,2.0078751,1.118527288,Bode and Kunzel (1999),Stud diameter = 3/4 inch
0.7480319,3.7401595,0.0393701,2.0078751,1.122336121,Bode and Kunzel (1999),Stud diameter = 3/4 inch
0.7480319,3.7401595,0.0393701,2.0078751,1.239140333,Bode and Kunzel (1999),Stud diameter = 3/4 inch
0.7480319,3.7401595,0.0393701,2.0078751,1.292463994,Bode and Kunzel (1999),Stud diameter = 3/4 inch
0.7480319,3.7401595,0.0393701,2.0078751,1.305160104,Bode and Kunzel (1999),Stud diameter = 3/4 inch
0.7480319,3.7401595,0.0393701,2.0078751,1.297542438,Bode and Kunzel (1999),Stud diameter = 3/4 inch
0.7480319,3.93701,0.0393701,2.0078751,1.782533839,Bode and Kunzel (1999),Stud diameter = 3/4 inch
0.7480319,3.93701,0.0393701,2.0078751,1.830779057,Bode and Kunzel (1999),Stud diameter = 3/4 inch
0.7480319,3.93701,0.0393701,2.0078751,1.675886515,Bode and Kunzel (1999),Stud diameter = 3/4 inch
0.7480319,3.93701,0.034645688,1.574804,0.978870078,Bode and Kunzel (1999),Stud diameter = 3/4 inch
0.7480319,3.93701,0.034645688,1.574804,0.978870078,Bode and Kunzel (1999),Stud diameter = 3/4 inch
0.7480319,3.93701,0.034645688,1.574804,1.22263539,Bode and Kunzel (1999),Stud diameter = 3/4 inch
0.7480319,3.7401595,0.034645688,1.574804,1.145189119,Bode and Kunzel (1999),Stud diameter = 3/4 inch
0.7480319,3.7401595,0.034645688,1.574804,1.080438958,Bode and Kunzel (1999),Stud diameter = 3/4 inch
0.7480319,3.7401595,0.034645688,1.574804,1.12106651,Bode and Kunzel (1999),Stud diameter = 3/4 inch
0.7480319,4.724412,0.0393701,2.3228359,0.655048108,Bode and Kunzel (1999),Stud diameter = 3/4 inch
0.7480319,4.724412,0.0393701,2.3228359,0.690634222,Bode and Kunzel (1999),Stud diameter = 3/4 inch
0.7480319,4.724412,0.0393701,2.3228359,0.988503181,Bode and Kunzel (1999),Stud diameter = 3/4 inch
0.7480319,4.9212625,0.0393701,2.3228359,0.648458086,Bode and Kunzel (1999),Stud diameter = 3/4 inch
0.7480319,4.9212625,0.0393701,2.3228359,0.682726197,Bode and Kunzel (1999),Stud diameter = 3/4 inch
0.7480319,4.9212625,0.0393701,2.3228359,0.735446366,Bode and Kunzel (1999),Stud diameter = 3/4 inch
0.8661422,3.93701,0.029527575,2.0078751,1.086577046,Bode and Kunzel (1987),Stud diameter = 7/8 inch
0.8661422,3.93701,0.029527575,2.0078751,1.019857403,Bode and Kunzel (1987),Stud diameter = 7/8 inch
0.8661422,3.93701,0.029527575,2.0078751,1.02938878,Bode and Kunzel (1987),Stud diameter = 7/8 inch
0.8661422,3.93701,0.029527575,2.0078751,1.105639801,Bode and Kunzel (1987),Stud diameter = 7/8 inch
0.8661422,3.93701,0.029527575,2.0078751,1.086577046,Bode and Kunzel (1987),Stud diameter = 7/8 inch
0.8661422,3.93701,0.029527575,2.0078751,1.239079087,Bode and Kunzel (1987),Stud diameter = 7/8 inch
0.8661422,3.93701,0.029527575,2.0078751,1.057982913,Bode and Kunzel (1987),Stud diameter = 7/8 inch
0.8661422,3.93701,0.029527575,2.0078751,1.096108423,Bode and Kunzel (1987),Stud diameter = 7/8 inch
0.8661422,3.93701,0.029527575,2.0078751,1.162828067,Bode and Kunzel (1987),Stud diameter = 7/8 inch
0.8661422,3.93701,0.029527575,2.0078751,1.172359444,Bode and Kunzel (1987),Stud diameter = 7/8 inch
0.8661422,4.9212625,0.029527575,2.0078751,1.003496054,Bode and Kunzel (1987),Stud diameter = 7/8 inch
0.8661422,4.9212625,0.029527575,2.0078751,0.905022142,Bode and Kunzel (1987),Stud diameter = 7/8 inch
0.8661422,4.9212625,0.029527575,2.0078751,0.994117586,Bode and Kunzel (1987),Stud diameter = 7/8 inch
0.8661422,4.9212625,0.029527575,2.0078751,0.961292949,Bode and Kunzel (1987),Stud diameter = 7/8 inch
0.8661422,4.9212625,0.029527575,2.0078751,0.984739118,Bode and Kunzel (1987),Stud diameter = 7/8 inch
0.7480319,3.7401595,0.029527575,2.2834658,0.525915022,Cashell and Baddoo (2013),Stud diameter = 3/4 inch
0.7480319,3.7401595,0.029527575,2.2834658,0.706841353,Cashell and Baddoo (2013),Stud diameter = 3/4 inch
0.7480319,3.7401595,0.029527575,2.2834658,0.752012707,Cashell and Baddoo (2013),Stud diameter = 3/4 inch
0.7480319,3.7401595,0.029527575,2.2834658,0.738401073,Cashell and Baddoo (2013),Stud diameter = 3/4 inch
0.7480319,3.7401595,0.029527575,2.2834658,0.815854888,Cashell and Baddoo (2013),Stud diameter = 3/4 inch
0.7480319,3.93701,0.029527575,2.2834658,0.697686625,Cashell and Baddoo (2013),Stud diameter = 3/4 inch
0.7480319,3.93701,0.029527575,2.2834658,0.735389649,Cashell and Baddoo (2013),Stud diameter = 3/4 inch
0.7480319,3.93701,0.029527575,2.2834658,0.69985485,Cashell and Baddoo (2013),Stud diameter = 3/4 inch
0.7480319,4.724412,0.04724412,3.149608,0.927575642,Yuan (1996),Stud diameter = 3/4 inch
0.7480319,4.724412,0.04724412,3.149608,0.902667596,Yuan (1996),Stud diameter = 3/4 inch
0.7480319,4.724412,0.03543309,2.1653555,1.103426449,Yuan (1996),Stud diameter = 3/4 inch
0.7480319,4.724412,0.03543309,2.1653555,1.095954035,Yuan (1996),Stud diameter = 3/4 inch
0.7480319,4.724412,0.04724412,3.149608,0.859825756,Yuan (1996),Stud diameter = 3/4 inch
0.7480319,4.724412,0.04724412,3.149608,0.866800009,Yuan (1996),Stud diameter = 3/4 inch
0.7480319,3.7401595,0.03543309,2.362206,0.62605093,Yuan (1996),Stud diameter = 3/4 inch
0.7480319,3.7401595,0.03543309,2.362206,0.666691021,Yuan (1996),Stud diameter = 3/4 inch
0.7480319,4.724412,0.04724412,3.149608,0.882990239,Yuan (1996),Stud diameter = 3/4 inch
0.7480319,4.724412,0.04724412,3.149608,0.840646561,Yuan (1996),Stud diameter = 3/4 inch
0.7480319,3.7401595,0.03543309,2.362206,0.620487108,Yuan (1996),Stud diameter = 3/4 inch
0.7480319,3.7401595,0.03543309,2.362206,0.650725271,Yuan (1996),Stud diameter = 3/4 inch
0.7480319,3.7401595,0.03543309,2.362206,0.919041467,Hicks (2009),Stud diameter = 3/4 inch
0.7480319,3.7401595,0.03543309,2.362206,0.965492784,Hicks (2009),Stud diameter = 3/4 inch
0.7480319,3.7401595,0.03543309,2.362206,0.962888037,Hicks (2009),Stud diameter = 3/4 inch
0.7480319,3.7401595,0.03543309,2.362206,0.555787831,Hicks (2009),Stud diameter = 3/4 inch
0.7480319,3.7401595,0.03543309,2.362206,0.590951912,Hicks (2009),Stud diameter = 3/4 inch
0.7480319,3.7401595,0.03543309,2.362206,0.665295724,Hicks (2009),Stud diameter = 3/4 inch
0.75196891,4.8031522,0.035826791,3.00000162,0.870729082,Sublett (1991),Stud diameter = 3/4 inch
0.75196891,4.8031522,0.035826791,3.00000162,0.938715809,Sublett (1991),Stud diameter = 3/4 inch
0.75196891,4.8031522,0.035826791,3.00000162,0.821376333,Sublett (1991),Stud diameter = 3/4 inch
0.75196891,4.8031522,0.035826791,3.00000162,0.849704135,Sublett (1991),Stud diameter = 3/4 inch
0.75196891,3.30315139,0.035826791,2.00000108,0.900356325,Sublett (1991),Stud diameter = 3/4 inch
0.75196891,3.30315139,0.035826791,2.00000108,0.850873632,Sublett (1991),Stud diameter = 3/4 inch
0.75196891,3.30315139,0.036614193,2.00000108,0.78148351,Sublett (1991),Stud diameter = 3/4 inch
0.75196891,3.30315139,0.036614193,2.00000108,0.809291536,Sublett (1991),Stud diameter = 3/4 inch
0.75196891,2.80315112,0.035039389,1.50000081,0.600601394,Sublett (1991),Stud diameter = 3/4 inch
0.75196891,2.80315112,0.033858286,1.50000081,0.678567823,Sublett (1991),Stud diameter = 3/4 inch
0.75196891,2.80315112,0.03543309,1.50000081,1.065281312,Sublett (1991),Stud diameter = 3/4 inch
0.75196891,2.80315112,0.035039389,1.50000081,1.064761536,Sublett (1991),Stud diameter = 3/4 inch
0.75196891,3.30315139,0.03543309,2.00000108,0.714900179,Sublett (1991),Stud diameter = 3/4 inch
0.75196891,3.30315139,0.035039389,2.00000108,0.984456114,Sublett (1991),Stud diameter = 3/4 inch
0.75196891,3.30315139,0.035826791,2.00000108,0.857318856,Sublett (1991),Stud diameter = 3/4 inch
0.75196891,3.30315139,0.035039389,2.00000108,0.869377664,Sublett (1991),Stud diameter = 3/4 inch
0.75196891,3.30315139,0.03543309,2.00000108,0.791203324,Sublett (1991),Stud diameter = 3/4 inch
0.75196891,3.30315139,0.03543309,2.00000108,0.859605872,Sublett (1991),Stud diameter = 3/4 inch
0.75196891,3.30315139,0.035826791,2.00000108,0.76531847,Sublett (1991),Stud diameter = 3/4 inch
0.75196891,3.30315139,0.03543309,2.00000108,0.805964968,Sublett (1991),Stud diameter = 3/4 inch
0.75196891,4.8031522,0.035826791,3.00000162,0.884918972,Sublett (1991),Stud diameter = 3/4 inch
0.75196891,4.8031522,0.035826791,3.00000162,0.858410386,Sublett (1991),Stud diameter = 3/4 inch
0.75196891,4.8031522,0.035826791,3.00000162,0.845260049,Sublett (1991),Stud diameter = 3/4 inch
0.75196891,4.8031522,0.035826791,3.00000162,0.949319243,Sublett (1991),Stud diameter = 3/4 inch
0.75196891,3.30315139,0.035826791,2.00000108,1.085708517,Sublett (1991),Stud diameter = 3/4 inch
0.75196891,3.30315139,0.035826791,2.00000108,1.012212163,Sublett (1991),Stud diameter = 3/4 inch
0.75196891,3.30315139,0.025196864,2.00000108,0.993282117,Lyons (1994),Stud diameter = 3/4 inch
0.75196891,3.30315139,0.025196864,2.00000108,0.819615718,Lyons (1994),Stud diameter = 3/4 inch
0.75196891,3.80315166,0.025196864,2.00000108,0.881275443,Lyons (1994),Stud diameter = 3/4 inch
0.75196891,3.80315166,0.025196864,2.00000108,0.854573215,Lyons (1994),Stud diameter = 3/4 inch
0.75196891,3.80315166,0.025196864,2.00000108,0.938450825,Lyons (1994),Stud diameter = 3/4 inch
0.75196891,3.80315166,0.025196864,2.00000108,0.961076377,Lyons (1994),Stud diameter = 3/4 inch
0.75196891,3.80315166,0.025196864,2.00000108,0.92479396,Lyons (1994),Stud diameter = 3/4 inch
0.75196891,3.80315166,0.025196864,2.00000108,0.974733241,Lyons (1994),Stud diameter = 3/4 inch
0.75196891,4.8031522,0.025196864,2.00000108,0.95466333,Lyons (1994),Stud diameter = 3/4 inch
0.75196891,4.8031522,0.025196864,2.00000108,0.973208574,Lyons (1994),Stud diameter = 3/4 inch
0.75196891,4.8031522,0.025196864,2.00000108,1.019571684,Lyons (1994),Stud diameter = 3/4 inch
0.75196891,3.30315139,0.025196864,2.00000108,0.826725921,Lyons (1994),Stud diameter = 3/4 inch
0.75196891,3.30315139,0.025196864,2.00000108,0.83152201,Lyons (1994),Stud diameter = 3/4 inch
0.75196891,3.30315139,0.025196864,2.00000108,0.855982066,Lyons (1994),Stud diameter = 3/4 inch
0.75196891,3.80315166,0.025196864,2.00000108,0.659702105,Lyons (1994),Stud diameter = 3/4 inch
0.75196891,3.80315166,0.025196864,2.00000108,0.771211185,Lyons (1994),Stud diameter = 3/4 inch
0.75196891,3.80315166,0.025196864,2.00000108,0.976004205,Lyons (1994),Stud diameter = 3/4 inch
0.75196891,4.30315193,0.025196864,2.00000108,0.954661607,Lyons (1994),Stud diameter = 3/4 inch
0.75196891,4.30315193,0.025196864,2.00000108,0.858739818,Lyons (1994),Stud diameter = 3/4 inch
0.75196891,4.30315193,0.025196864,2.00000108,0.900825503,Lyons (1994),Stud diameter = 3/4 inch
0.75196891,4.8031522,0.025196864,2.00000108,0.900663942,Lyons (1994),Stud diameter = 3/4 inch
0.75196891,4.8031522,0.025196864,2.00000108,0.968324053,Lyons (1994),Stud diameter = 3/4 inch
0.75196891,4.8031522,0.025196864,2.00000108,0.786793936,Lyons (1994),Stud diameter = 3/4 inch
0.75196891,3.30315139,0.025196864,2.00000108,0.631884786,Lyons (1994),Stud diameter = 3/4 inch
0.75196891,3.30315139,0.025196864,2.00000108,0.621056116,Lyons (1994),Stud diameter = 3/4 inch
0.75196891,3.30315139,0.025196864,2.00000108,0.706029332,Lyons (1994),Stud diameter = 3/4 inch
0.75196891,3.30315139,0.031889781,2.00000108,0.655070881,Lyons (1994),Stud diameter = 3/4 inch
0.75196891,3.30315139,0.031889781,2.00000108,0.724756562,Lyons (1994),Stud diameter = 3/4 inch
0.75196891,3.30315139,0.031889781,2.00000108,0.774058863,Lyons (1994),Stud diameter = 3/4 inch
0.75196891,3.30315139,0.040157502,2.00000108,0.604622015,Lyons (1994),Stud diameter = 3/4 inch
0.75196891,3.30315139,0.040157502,2.00000108,0.838648699,Lyons (1994),Stud diameter = 3/4 inch
0.75196891,3.30315139,0.040157502,2.00000108,0.770746564,Lyons (1994),Stud diameter = 3/4 inch
0.75196891,3.30315139,0.050787429,2.00000108,0.85342665,Lyons (1994),Stud diameter = 3/4 inch
0.75196891,3.30315139,0.050787429,2.00000108,0.682333652,Lyons (1994),Stud diameter = 3/4 inch
0.75196891,3.30315139,0.050787429,2.00000108,0.776351994,Lyons (1994),Stud diameter = 3/4 inch
0.75196891,4.30315193,0.031889781,3.00000162,0.788327229,Lyons (1994),Stud diameter = 3/4 inch
0.75196891,4.30315193,0.031889781,3.00000162,0.66235794,Lyons (1994),Stud diameter = 3/4 inch
0.75196891,4.30315193,0.031889781,3.00000162,0.831845746,Lyons (1994),Stud diameter = 3/4 inch
0.75196891,4.8031522,0.031889781,3.00000162,0.843912798,Lyons (1994),Stud diameter = 3/4 inch
0.75196891,4.8031522,0.031889781,3.00000162,0.717846812,Lyons (1994),Stud diameter = 3/4 inch
0.75196891,4.8031522,0.031889781,3.00000162,0.848080269,Lyons (1994),Stud diameter = 3/4 inch
0.75196891,3.30315139,0.025196864,2.00000108,0.842193309,Lyons (1994),Stud diameter = 3/4 inch
0.75196891,3.30315139,0.025196864,2.00000108,0.799508113,Lyons (1994),Stud diameter = 3/4 inch
0.75196891,3.30315139,0.025196864,2.00000108,0.83260113,Lyons (1994),Stud diameter = 3/4 inch
0.75196891,3.80315166,0.025196864,2.00000108,0.926609312,Lyons (1994),Stud diameter = 3/4 inch
0.75196891,3.80315166,0.025196864,2.00000108,1.063519962,Lyons (1994),Stud diameter = 3/4 inch
0.75196891,3.80315166,0.025196864,2.00000108,0.850520479,Lyons (1994),Stud diameter = 3/4 inch
0.75196891,4.30315193,0.025196864,2.00000108,0.993946221,Lyons (1994),Stud diameter = 3/4 inch
0.75196891,4.30315193,0.025196864,2.00000108,1.100347466,Lyons (1994),Stud diameter = 3/4 inch
0.75196891,4.30315193,0.025196864,2.00000108,1.089813861,Lyons (1994),Stud diameter = 3/4 inch
0.7480319,3.7401595,0.04724412,2.0078751,1.134173023,Mottram and Johnson (1990),Stud diameter = 3/4 inch
0.7480319,3.7401595,0.04724412,2.0078751,1.155702595,Mottram and Johnson (1990),Stud diameter = 3/4 inch
0.7480319,3.7401595,0.04724412,2.0078751,1.123287284,Mottram and Johnson (1990),Stud diameter = 3/4 inch
0.7480319,3.7401595,0.04724412,2.0078751,1.263713314,Mottram and Johnson (1990),Stud diameter = 3/4 inch
0.7480319,3.7401595,0.04724412,2.0078751,1.220533217,Mottram and Johnson (1990),Stud diameter = 3/4 inch
0.7480319,3.7401595,0.04724412,2.0078751,1.252948528,Mottram and Johnson (1990),Stud diameter = 3/4 inch
0.7480319,3.81496269,0.04724412,2.0078751,1.209768431,Mottram and Johnson (1990),Stud diameter = 3/4 inch
0.7480319,3.79921465,0.04724412,2.0078751,1.166467381,Mottram and Johnson (1990),Stud diameter = 3/4 inch
0.7480319,3.81496269,0.04724412,2.0078751,1.263713314,Mottram and Johnson (1990),Stud diameter = 3/4 inch
0.7480319,3.7401595,0.04724412,2.0078751,1.31777915,Mottram and Johnson (1990),Stud diameter = 3/4 inch
0.7480319,3.7401595,0.04724412,2.0078751,1.296128625,Mottram and Johnson (1990),Stud diameter = 3/4 inch
0.7480319,3.7401595,0.04724412,2.0078751,1.35019446,Mottram and Johnson (1990),Stud diameter = 3/4 inch
0.7480319,3.89370289,0.04724412,2.0078751,1.01657147,Mottram and Johnson (1990),Stud diameter = 3/4 inch
0.7480319,3.88189186,0.04724412,2.0078751,1.029235925,Mottram and Johnson (1990),Stud diameter = 3/4 inch
0.7480319,3.89370289,0.04724412,2.0078751,1.118171698,Mottram and Johnson (1990),Stud diameter = 3/4 inch
0.7480319,3.86220681,0.04724412,2.0078751,1.102798515,Mottram and Johnson (1990),Stud diameter = 3/4 inch
0.7480319,3.85433279,0.04724412,2.0078751,1.066024843,Mottram and Johnson (1990),Stud diameter = 3/4 inch
0.7480319,3.7795296,0.04724412,2.362206,0.794221088,Mottram and Johnson (1990),Stud diameter = 3/4 inch
0.7480319,3.79527764,0.04724412,2.362206,0.881311014,Mottram and Johnson (1990),Stud diameter = 3/4 inch
0.7480319,3.81102568,0.04724412,2.362206,0.8620059,Mottram and Johnson (1990),Stud diameter = 3/4 inch
0.7480319,3.76378156,0.04724412,2.362206,0.983996871,Mottram and Johnson (1990),Stud diameter = 3/4 inch
0.7480319,3.75197053,0.04724412,2.362206,0.999527727,Mottram and Johnson (1990),Stud diameter = 3/4 inch
0.7480319,3.79921465,0.04724412,2.362206,0.991718916,Mottram and Johnson (1990),Stud diameter = 3/4 inch
0.7480319,4.77559313,0.04724412,2.362206,1.007228081,Mottram and Johnson (1990),Stud diameter = 3/4 inch
0.7480319,4.79527818,0.04724412,2.362206,0.987922967,Mottram and Johnson (1990),Stud diameter = 3/4 inch
0.7480319,4.79527818,0.04724412,2.362206,0.968509397,Mottram and Johnson (1990),Stud diameter = 3/4 inch
0.7480319,3.83071073,0.04724412,2.0078751,1.322733889,Mottram and Johnson (1990),Stud diameter = 3/4 inch
0.7480319,3.79527764,0.04724412,2.0078751,1.249838317,Mottram and Johnson (1990),Stud diameter = 3/4 inch
0.7480319,4.8031522,0.0393701,2.9921276,0.531121596,Jayas and Hosain (1987),Stud diameter = 3/4 inch
0.7480319,4.8031522,0.0393701,2.9921276,0.729888782,Jayas and Hosain (1987),Stud diameter = 3/4 inch
0.7480319,3.7401595,0.034251987,2.362206,0.680837643,Hicks (2007),Stud diameter = 3/4 inch
0.7480319,3.7401595,0.034251987,2.362206,0.900294136,Hicks (2007),Stud diameter = 3/4 inch
0.7480319,3.7401595,0.034251987,2.362206,0.811362005,Hicks (2007),Stud diameter = 3/4 inch
0.7480319,3.7401595,0.034251987,2.362206,1.002602663,Hicks (2007),Stud diameter = 3/4 inch
0.7480319,3.7401595,0.034251987,2.362206,1.007409805,Hicks (2007),Stud diameter = 3/4 inch
0.7480319,3.7401595,0.034251987,2.362206,0.701707525,Hicks (2007),Stud diameter = 3/4 inch
0.7480319,4.724412,0.046850419,3.16929305,0.696095094,Hicks (2007),Stud diameter = 3/4 inch
0.7480319,4.724412,0.046850419,3.16929305,1.155386183,Hicks (2007),Stud diameter = 3/4 inch
0.7480319,4.724412,0.046850419,3.16929305,1.000486475,Hicks (2007),Stud diameter = 3/4 inch
0.7480319,4.724412,0.046850419,3.16929305,0.762104165,Hicks (2007),Stud diameter = 3/4 inch
0.7480319,3.7401595,0.036220492,2.1653555,0.712020786,Hicks (2007),Stud diameter = 3/4 inch
0.7480319,3.7401595,0.036220492,2.1653555,0.716542555,Hicks (2007),Stud diameter = 3/4 inch
0.7480319,3.7401595,0.036220492,2.1653555,0.799406589,Hicks (2007),Stud diameter = 3/4 inch
0.7480319,3.7401595,0.036220492,2.1653555,0.553944464,Hicks (2007),Stud diameter = 3/4 inch
0.7480319,3.7401595,0.036220492,2.1653555,0.600758066,Hicks (2007),Stud diameter = 3/4 inch
0.7480319,3.7401595,0.036220492,2.1653555,0.484268405,Hicks (2007),Stud diameter = 3/4 inch
0.7480319,3.7401595,0.036220492,2.1653555,0.598531204,Hicks (2007),Stud diameter = 3/4 inch
0.7480319,3.7401595,0.036220492,2.1653555,0.698863739,Hicks (2007),Stud diameter = 3/4 inch
0.7480319,3.7401595,0.036220492,2.1653555,0.591850616,Hicks (2007),Stud diameter = 3/4 inch
0.7480319,3.7401595,0.03543309,2.362206,0.918582177,Hicks (2007),Stud diameter = 3/4 inch
0.7480319,3.7401595,0.04724412,1.968505,0.934965565,Hicks (1997),Stud diameter = 3/4 inch
0.7480319,3.7401595,0.04724412,1.968505,1.168985069,Hicks (1997),Stud diameter = 3/4 inch
0.7480319,4.3700811,0.0393701,2.9921276,1.023191405,Robinson (1988),Stud diameter = 3/4 inch
0.7480319,4.3700811,0.0393701,2.9921276,0.996249201,Robinson (1988),Stud diameter = 3/4 inch
0.7480319,4.3700811,0.0393701,2.9921276,0.976654872,Robinson (1988),Stud diameter = 3/4 inch
0.7480319,4.3700811,0.0393701,2.9921276,0.766484074,Robinson (1988),Stud diameter = 3/4 inch
0.7480319,4.3700811,0.0393701,2.9921276,0.774840479,Robinson (1988),Stud diameter = 3/4 inch
0.7480319,4.3700811,0.0393701,2.9921276,1.042418341,Robinson (1988),Stud diameter = 3/4 inch
0.7480319,4.3700811,0.0393701,2.9921276,1.027232735,Robinson (1988),Stud diameter = 3/4 inch
0.7480319,4.3700811,0.0393701,2.9921276,1.030171885,Robinson (1988),Stud diameter = 3/4 inch
0.7480319,3.3858286,0.0393701,2.0078751,1.004209398,Robinson (1988),Stud diameter = 3/4 inch
0.7480319,3.3858286,0.0393701,2.0078751,0.993187587,Robinson (1988),Stud diameter = 3/4 inch
0.7480319,3.3858286,0.0393701,2.0078751,1.053195222,Robinson (1988),Stud diameter = 3/4 inch
0.7480319,3.3858286,0.0393701,2.0078751,1.102901426,Robinson (1988),Stud diameter = 3/4 inch
0.7480319,3.3858286,0.0393701,2.0078751,1.084171552,Robinson (1988),Stud diameter = 3/4 inch
0.7480319,3.3858286,0.0393701,2.0078751,1.038499475,Robinson (1988),Stud diameter = 3/4 inch
0.7480319,4.3700811,0.0393701,2.9921276,1.163413327,Robinson (1988),Stud diameter = 3/4 inch
0.7480319,4.3700811,0.0393701,2.9921276,1.168924232,Robinson (1988),Stud diameter = 3/4 inch
0.7480319,4.3700811,0.0393701,2.9921276,1.238116709,Robinson (1988),Stud diameter = 3/4 inch
0.7480319,4.3700811,0.0393701,2.9921276,0.741126706,Robinson (1988),Stud diameter = 3/4 inch
0.7480319,4.3700811,0.0393701,2.9921276,0.740319881,Robinson (1988),Stud diameter = 3/4 inch
0.7480319,4.3700811,0.0393701,2.9921276,0.751845957,Robinson (1988),Stud diameter = 3/4 inch
0.7480319,4.3700811,0.0393701,2.9921276,0.651943691,Robinson (1988),Stud diameter = 3/4 inch
0.7480319,4.3700811,0.0393701,2.9921276,0.703522882,Robinson (1988),Stud diameter = 3/4 inch
0.7480319,4.3700811,0.0393701,2.9921276,0.707412933,Robinson (1988),Stud diameter = 3/4 inch
0.7480319,4.724412,0.0393701,3.16929305,0.572154428,Hicks (2020),Stud diameter = 3/4 inch
0.7480319,4.724412,0.0393701,3.16929305,0.449363295,Hicks (2020),Stud diameter = 3/4 inch
0.7480319,4.724412,0.0393701,3.16929305,0.4833268,Hicks (2020),Stud diameter = 3/4 inch
0.7480319,3.7401595,0.03543309,2.362206,1.180884937,Hicks (2020),Stud diameter = 3/4 inch
0.7480319,3.7401595,0.03543309,2.362206,0.998004527,Hicks (2020),Stud diameter = 3/4 inch
0.7480319,3.7401595,0.03543309,2.362206,1.152146587,Hicks (2020),Stud diameter = 3/4 inch
0.7480319,3.7401595,0.03543309,2.362206,0.556947253,Hicks (2020),Stud diameter = 3/4 inch
0.7480319,3.7401595,0.03543309,2.362206,0.558577661,Hicks (2020),Stud diameter = 3/4 inch
0.7480319,3.7401595,0.03543309,2.362206,0.611946338,Hicks (2020),Stud diameter = 3/4 inch
0.7480319,3.7401595,0.03543309,2.362206,0.608605601,Hicks (2020),Stud diameter = 3/4 inch
0.7480319,3.7401595,0.03543309,2.362206,0.566486736,Hicks (2020),Stud diameter = 3/4 inch
0.7480319,3.7401595,0.03543309,2.362206,0.599734265,Hicks (2020),Stud diameter = 3/4 inch
0.7480319,3.7401595,0.03543309,2.362206,0.783139141,Hicks (2020),Stud diameter = 3/4 inch
0.7480319,3.7401595,0.03543309,2.362206,0.819619512,Hicks (2020),Stud diameter = 3/4 inch
0.7480319,3.7401595,0.03543309,2.362206,0.825325939,Hicks (2020),Stud diameter = 3/4 inch
0.7480319,3.7401595,0.04724412,1.968505,1.132160371,Lloyd and Wright (1990),Stud diameter = 3/4 inch
0.7480319,3.7401595,0.04724412,1.968505,1.130984711,Lloyd and Wright (1990),Stud diameter = 3/4 inch
0.7480319,3.7401595,0.04724412,1.968505,1.096890577,Lloyd and Wright (1990),Stud diameter = 3/4 inch
0.7480319,3.7401595,0.04724412,1.968505,0.979324599,Lloyd and Wright (1990),Stud diameter = 3/4 inch
0.7480319,3.7401595,0.04724412,1.968505,0.985202898,Lloyd and Wright (1990),Stud diameter = 3/4 inch
0.7480319,3.7401595,0.04724412,1.968505,0.92054161,Lloyd and Wright (1990),Stud diameter = 3/4 inch
0.7480319,3.7401595,0.04724412,1.968505,0.931122548,Lloyd and Wright (1990),Stud diameter = 3/4 inch
0.7480319,3.7401595,0.04724412,1.968505,1.175659783,Lloyd and Wright (1990),Stud diameter = 3/4 inch
0.7480319,3.7401595,0.04724412,1.968505,1.063972103,Lloyd and Wright (1990),Stud diameter = 3/4 inch
0.7480319,3.7401595,0.04724412,1.968505,1.126282072,Lloyd and Wright (1990),Stud diameter = 3/4 inch
0.7480319,3.7401595,0.04724412,1.968505,1.078080021,Lloyd and Wright (1990),Stud diameter = 3/4 inch
0.7480319,3.7401595,0.04724412,1.968505,1.175659783,Lloyd and Wright (1990),Stud diameter = 3/4 inch
0.7480319,3.7401595,0.04724412,1.968505,1.178011102,Lloyd and Wright (1990),Stud diameter = 3/4 inch
0.7480319,3.7401595,0.04724412,1.968505,1.275590864,Lloyd and Wright (1990),Stud diameter = 3/4 inch
0.7480319,3.7401595,0.04724412,1.968505,1.175659783,Lloyd and Wright (1990),Stud diameter = 3/4 inch
0.7480319,3.7401595,0.04724412,1.968505,1.143916969,Lloyd and Wright (1990),Stud diameter = 3/4 inch
0.7480319,3.7401595,0.04724412,1.968505,1.187416381,Lloyd and Wright (1990),Stud diameter = 3/4 inch
0.7480319,3.7401595,0.04724412,1.968505,1.152146587,Lloyd and Wright (1990),Stud diameter = 3/4 inch
0.7480319,3.7401595,0.04724412,1.968505,1.181538082,Lloyd and Wright (1990),Stud diameter = 3/4 inch
0.7480319,3.7401595,0.04724412,1.968505,1.116876794,Lloyd and Wright (1990),Stud diameter = 3/4 inch
0.7480319,3.7401595,0.04724412,1.968505,1.048688526,Lloyd and Wright (1990),Stud diameter = 3/4 inch
0.7480319,3.7401595,0.04724412,1.968505,0.899379734,Lloyd and Wright (1990),Stud diameter = 3/4 inch
0.7480319,3.7401595,0.04724412,1.968505,1.105120196,Lloyd and Wright (1990),Stud diameter = 3/4 inch
0.7480319,3.7401595,0.04724412,1.968505,1.073377382,Lloyd and Wright (1990),Stud diameter = 3/4 inch
0.7480319,3.7401595,0.04724412,1.968505,1.007540434,Lloyd and Wright (1990),Stud diameter = 3/4 inch
0.7480319,3.7401595,0.04724412,1.968505,1.066323423,Lloyd and Wright (1990),Stud diameter = 3/4 inch
0.7480319,3.7401595,0.04724412,1.968505,1.042810227,Lloyd and Wright (1990),Stud diameter = 3/4 inch
0.7480319,3.7401595,0.04724412,1.968505,1.13686301,Lloyd and Wright (1990),Stud diameter = 3/4 inch
0.7480319,3.7401595,0.04724412,1.968505,1.146268288,Lloyd and Wright (1990),Stud diameter = 3/4 inch
0.7480319,3.7401595,0.04724412,1.968505,1.146268288,Lloyd and Wright (1990),Stud diameter = 3/4 inch
0.7480319,3.7401595,0.04724412,1.968505,1.332022534,Lloyd and Wright (1990),Stud diameter = 3/4 inch
0.7480319,3.7401595,0.04724412,1.968505,1.257955968,Lloyd and Wright (1990),Stud diameter = 3/4 inch
0.7480319,3.7401595,0.04724412,1.968505,1.337900833,Lloyd and Wright (1990),Stud diameter = 3/4 inch
0.7480319,3.7401595,0.0393701,1.968505,0.697097095,Shen and Chung (2017),Stud diameter = 3/4 inch
0.7480319,3.7401595,0.0393701,1.968505,0.755741771,Shen and Chung (2017),Stud diameter = 3/4 inch
0.7480319,3.7401595,0.0393701,1.968505,0.693777585,Shen and Chung (2017),Stud diameter = 3/4 inch
0.7480319,3.7401595,0.0393701,1.968505,0.730292194,Shen and Chung (2017),Stud diameter = 3/4 inch
0.7480319,3.7401595,0.0393701,1.968505,0.796682394,Shen and Chung (2017),Stud diameter = 3/4 inch
0.7480319,4.724412,0.029527575,3.149608,1.053846363,Russell et al. (2021),Stud diameter = 3/4 inch
0.7480319,4.724412,0.029527575,3.149608,1.045832322,Russell et al. (2021),Stud diameter = 3/4 inch
0.7480319,4.724412,0.029527575,3.149608,1.033811261,Russell et al. (2021),Stud diameter = 3/4 inch
0.7480319,4.724412,0.029527575,3.149608,0.770762158,Russell et al. (2021),Stud diameter = 3/4 inch
0.7480319,4.724412,0.029527575,3.149608,0.766048016,Russell et al. (2021),Stud diameter = 3/4 inch
0.7480319,4.724412,0.029527575,3.149608,0.768405087,Russell et al. (2021),Stud diameter = 3/4 inch
0.7480319,4.724412,0.029527575,3.149608,1.057853383,Russell et al. (2021),Stud diameter = 3/4 inch
0.7480319,4.724412,0.029527575,3.149608,1.12997975,Russell et al. (2021),Stud diameter = 3/4 inch
0.7480319,4.724412,0.029527575,3.149608,1.085902526,Russell et al. (2021),Stud diameter = 3/4 inch
0.7480319,4.724412,0.029527575,3.149608,0.855616707,Russell et al. (2021),Stud diameter = 3/4 inch
0.7480319,4.724412,0.029527575,3.149608,0.782547512,Russell et al. (2021),Stud diameter = 3/4 inch
0.7480319,4.724412,0.029527575,3.149608,0.843831353,Russell et al. (2021),Stud diameter = 3/4 inch
0.7480319,4.724412,0.029527575,3.149608,0.965691914,Russell et al. (2021),Stud diameter = 3/4 inch
0.7480319,4.724412,0.029527575,3.149608,1.063863914,Russell et al. (2021),Stud diameter = 3/4 inch
0.7480319,4.724412,0.029527575,3.149608,0.829453221,Russell et al. (2021),Stud diameter = 3/4 inch
0.7480319,4.724412,0.029527575,3.149608,0.53151947,Russell et al. (2021),Stud diameter = 3/4 inch
0.7480319,4.724412,0.029527575,3.149608,0.658801294,Russell et al. (2021),Stud diameter = 3/4 inch
0.7480319,4.724412,0.029527575,3.149608,0.622266696,Russell et al. (2021),Stud diameter = 3/4 inch
0.8661422,4.724412,0.029527575,3.149608,0.941950228,Russell et al. (2021),Stud diameter = 7/8 inch
0.8661422,4.724412,0.029527575,3.149608,0.882216799,Russell et al. (2021),Stud diameter = 7/8 inch
0.8661422,4.724412,0.029527575,3.149608,0.900596315,Russell et al. (2021),Stud diameter = 7/8 inch
0.8661422,4.724412,0.029527575,3.149608,0.533366365,Russell et al. (2021),Stud diameter = 7/8 inch
0.8661422,4.724412,0.029527575,3.149608,0.573909417,Russell et al. (2021),Stud diameter = 7/8 inch
0.8661422,4.724412,0.029527575,3.149608,0.66310413,Russell et al. (2021),Stud diameter = 7/8 inch
